-- phpMyAdmin SQL Dump
-- version 5.1.1
-- https://www.phpmyadmin.net/
--
-- Servidor: 127.0.0.1
-- Tiempo de generación: 24-05-2022 a las 09:42:36
-- Versión del servidor: 10.4.21-MariaDB
-- Versión de PHP: 8.0.10

SET SQL_MODE = "NO_AUTO_VALUE_ON_ZERO";
START TRANSACTION;
SET time_zone = "+00:00";


/*!40101 SET @OLD_CHARACTER_SET_CLIENT=@@CHARACTER_SET_CLIENT */;
/*!40101 SET @OLD_CHARACTER_SET_RESULTS=@@CHARACTER_SET_RESULTS */;
/*!40101 SET @OLD_COLLATION_CONNECTION=@@COLLATION_CONNECTION */;
/*!40101 SET NAMES utf8mb4 */;

--
-- Base de datos: `tienda`
--

-- --------------------------------------------------------

--
-- Estructura de tabla para la tabla `categorias`
--

CREATE TABLE `categorias` (
  `id` int(11) NOT NULL,
  `nombre` varchar(255) DEFAULT NULL,
  `descripcion` varchar(255) DEFAULT NULL
) ENGINE=InnoDB DEFAULT CHARSET=utf8mb4;

--
-- Volcado de datos para la tabla `categorias`
--

INSERT INTO `categorias` (`id`, `nombre`, `descripcion`) VALUES
(3, 'Electronica', 'Componentes Electronicos'),
(4, 'Jardineria', 'Herramientas de jardineria'),
(5, 'Otros', 'Categoria para el resto de productos');

-- --------------------------------------------------------

--
-- Estructura de tabla para la tabla `configuracion`
--

CREATE TABLE `configuracion` (
  `id` int(11) NOT NULL,
  `clave` varchar(255) DEFAULT NULL,
  `valor` varchar(255) DEFAULT NULL,
  `tipo` varchar(255) DEFAULT NULL
) ENGINE=InnoDB DEFAULT CHARSET=utf8mb4;

-- --------------------------------------------------------

--
-- Estructura de tabla para la tabla `descuentos`
--

CREATE TABLE `descuentos` (
  `id` int(11) NOT NULL,
  `codigo` varchar(255) DEFAULT NULL,
  `descuento` float DEFAULT NULL,
  `fecha_inicio` timestamp NOT NULL DEFAULT current_timestamp() ON UPDATE current_timestamp(),
  `fecha_fin` timestamp NOT NULL DEFAULT '0000-00-00 00:00:00'
) ENGINE=InnoDB DEFAULT CHARSET=utf8mb4;

-- --------------------------------------------------------

--
-- Estructura de tabla para la tabla `detalles_pedido`
--

CREATE TABLE `detalles_pedido` (
  `id` int(11) NOT NULL,
  `id_pedido` int(11) DEFAULT NULL,
  `id_producto` int(11) DEFAULT NULL,
  `unidades` int(11) DEFAULT NULL,
  `precio_unidad` float DEFAULT NULL,
  `impuesto` float DEFAULT NULL,
  `total` double DEFAULT NULL
) ENGINE=InnoDB DEFAULT CHARSET=utf8mb4;

--
-- Volcado de datos para la tabla `detalles_pedido`
--

INSERT INTO `detalles_pedido` (`id`, `id_pedido`, `id_producto`, `unidades`, `precio_unidad`, `impuesto`, `total`) VALUES
(1, 3, 8, 2, 49.9, 1.4, 99.8);

-- --------------------------------------------------------

--
-- Estructura de tabla para la tabla `impuestos`
--

CREATE TABLE `impuestos` (
  `id` int(11) NOT NULL,
  `impuesto` float DEFAULT NULL
) ENGINE=InnoDB DEFAULT CHARSET=utf8mb4;

-- --------------------------------------------------------

--
-- Estructura de tabla para la tabla `metodos_pago`
--

CREATE TABLE `metodos_pago` (
  `id` int(11) NOT NULL,
  `metodo_pago` varchar(255) DEFAULT NULL
) ENGINE=InnoDB DEFAULT CHARSET=utf8mb4;

-- --------------------------------------------------------

--
-- Estructura de tabla para la tabla `opciones_menu`
--

CREATE TABLE `opciones_menu` (
  `id` int(11) NOT NULL,
  `id_rol` int(11) DEFAULT NULL,
  `nombre_opcion` varchar(255) DEFAULT NULL,
  `url_opcion` varchar(255) DEFAULT NULL
) ENGINE=InnoDB DEFAULT CHARSET=utf8mb4;

-- --------------------------------------------------------

--
-- Estructura de tabla para la tabla `pedidos`
--

CREATE TABLE `pedidos` (
  `id` int(11) NOT NULL,
  `id_usuario` int(11) DEFAULT NULL,
  `fecha` timestamp NOT NULL DEFAULT current_timestamp() ON UPDATE current_timestamp(),
  `metodo_pago` varchar(255) DEFAULT NULL,
  `estado` varchar(255) DEFAULT NULL,
  `num_factura` varchar(255) DEFAULT NULL,
  `total` double DEFAULT NULL
) ENGINE=InnoDB DEFAULT CHARSET=utf8mb4;

--
-- Volcado de datos para la tabla `pedidos`
--

INSERT INTO `pedidos` (`id`, `id_usuario`, `fecha`, `metodo_pago`, `estado`, `num_factura`, `total`) VALUES
(1, 3, '2022-05-24 07:33:07', 'Tarjeta', 'Pendiente', '1', 1501.9),
(2, 3, '2022-05-24 07:34:22', 'Paypal', 'Pendiente', '1', 0),
(3, 3, '2022-05-24 07:39:29', 'Tarjeta', 'Pendiente', '1', 99.8);

-- --------------------------------------------------------

--
-- Estructura de tabla para la tabla `productos`
--

CREATE TABLE `productos` (
  `id` int(11) NOT NULL,
  `id_categoria` int(11) DEFAULT NULL,
  `nombre` varchar(255) DEFAULT NULL,
  `descripcion` varchar(255) DEFAULT NULL,
  `precio` double DEFAULT NULL,
  `stock` int(11) DEFAULT NULL,
  `fecha_alta` timestamp NOT NULL DEFAULT current_timestamp() ON UPDATE current_timestamp(),
  `fecha_baja` timestamp NULL DEFAULT NULL,
  `impuesto` float DEFAULT NULL,
  `imagen` varchar(255) DEFAULT NULL
) ENGINE=InnoDB DEFAULT CHARSET=utf8mb4;

--
-- Volcado de datos para la tabla `productos`
--

INSERT INTO `productos` (`id`, `id_categoria`, `nombre`, `descripcion`, `precio`, `stock`, `fecha_alta`, `fecha_baja`, `impuesto`, `imagen`) VALUES
(1, 3, 'PS5', 'Consola de ultima generacion', 750.95, 5, '2022-05-23 21:43:13', NULL, 1.4, '/assets/img.png'),
(2, 3, 'F1 2022', 'Juego de simulacion de carreras', 70.01, 20, '2022-05-23 21:43:13', NULL, 1.4, '/assets/img.png'),
(3, 3, 'PC Gamer', 'Ordenador de Ultima generacion', 1750.99, 20, '2022-05-23 21:43:13', NULL, 1.4, '/assets/img.png'),
(4, 5, 'Saco boxeo', 'Saco donde podemos liberar craga de trabajo', 499.99, 30, '2022-05-23 21:43:13', NULL, 1.4, '/assets/img.png'),
(5, 5, 'Bici de montaña', 'Bici para subir cualquier montaña', 69.99, 40, '2022-05-23 21:43:13', NULL, 1.4, '/assets/img.png'),
(6, 4, 'Cortasetos', 'Corta los setos con esta herramienta', 50.99, 20, '2022-05-23 21:43:13', NULL, 1.4, '/assets/img.png'),
(7, 4, 'Taladro', 'Mejor taladro del mundo', 249.99, 10, '2022-05-23 21:43:13', NULL, 1.4, '/assets/img.png'),
(8, 3, 'cable link', 'Cable para interconectar consolas', 49.9, 10, '2022-05-23 21:43:13', NULL, 1.4, '/assets/img.png'),
(9, 3, 'ninvento', 'Consola de ultima generacion ', 299.99, 10, '2022-05-23 21:43:13', NULL, 1.4, '/assets/img.png');

-- --------------------------------------------------------

--
-- Estructura de tabla para la tabla `proveedores`
--

CREATE TABLE `proveedores` (
  `id` int(11) NOT NULL,
  `nombre` varchar(255) DEFAULT NULL,
  `direccion` varchar(255) DEFAULT NULL,
  `localidad` varchar(255) DEFAULT NULL,
  `provincia` varchar(255) DEFAULT NULL,
  `telefono` varchar(255) DEFAULT NULL,
  `cif` varchar(255) DEFAULT NULL,
  `email` varchar(255) DEFAULT NULL
) ENGINE=InnoDB DEFAULT CHARSET=utf8mb4;

-- --------------------------------------------------------

--
-- Estructura de tabla para la tabla `roles`
--

CREATE TABLE `roles` (
  `id` int(11) NOT NULL,
  `rol` varchar(255) DEFAULT NULL
) ENGINE=InnoDB DEFAULT CHARSET=utf8mb4;

--
-- Volcado de datos para la tabla `roles`
--

INSERT INTO `roles` (`id`, `rol`) VALUES
(1, 'admin'),
(2, 'emp'),
(3, 'user');

-- --------------------------------------------------------

--
-- Estructura de tabla para la tabla `usuarios`
--

CREATE TABLE `usuarios` (
  `id` int(11) NOT NULL,
  `id_rol` int(11) DEFAULT NULL,
  `email` varchar(255) DEFAULT NULL,
  `clave` varchar(255) DEFAULT NULL,
  `nombre` varchar(255) DEFAULT NULL,
  `apellido1` varchar(255) DEFAULT NULL,
  `apellido2` varchar(255) DEFAULT NULL,
  `direccion` varchar(255) DEFAULT NULL,
  `provincia` varchar(255) DEFAULT NULL,
  `localidad` varchar(255) DEFAULT NULL,
  `telefono` varchar(255) DEFAULT NULL,
  `dni` varchar(255) DEFAULT NULL,
  `imagen` varchar(255) DEFAULT NULL
) ENGINE=InnoDB DEFAULT CHARSET=utf8mb4;

--
-- Volcado de datos para la tabla `usuarios`
--

INSERT INTO `usuarios` (`id`, `id_rol`, `email`, `clave`, `nombre`, `apellido1`, `apellido2`, `direccion`, `provincia`, `localidad`, `telefono`, `dni`, `imagen`) VALUES
(1, 1, 'admin@admin.com', '/C9QWzHVy9eOJ25gjkw6kKq4y/LNkvhIgzHG4g2SbnrVzROWNLt3IoyniCavjOnA', '', '', '', '', '', '', '', '', NULL),
(2, 2, 'emp@emp.com', 'cqH2WULLmwN0JEXsVnzPmhiuNpggEadk61ebB/FRBV/0NNwAWRZ28bleembGFyoy', '', '', '', '', '', '', '', '', NULL),
(3, 3, 'user@user.com', 'LdbWenroK9+56WajFEtndNpPx2v65QrU/3OraClhUWAq0TnMrBRTQs+dP+gRdDiL', '', '', '', '', '', '', '', '', NULL);

-- --------------------------------------------------------

--
-- Estructura de tabla para la tabla `valoraciones`
--

CREATE TABLE `valoraciones` (
  `id` int(11) NOT NULL,
  `id_producto` int(11) DEFAULT NULL,
  `id_usuario` int(11) DEFAULT NULL,
  `valoracion` int(11) DEFAULT NULL,
  `comentario` varchar(255) DEFAULT NULL
) ENGINE=InnoDB DEFAULT CHARSET=utf8mb4;

--
-- Índices para tablas volcadas
--

--
-- Indices de la tabla `categorias`
--
ALTER TABLE `categorias`
  ADD PRIMARY KEY (`id`);

--
-- Indices de la tabla `configuracion`
--
ALTER TABLE `configuracion`
  ADD PRIMARY KEY (`id`);

--
-- Indices de la tabla `descuentos`
--
ALTER TABLE `descuentos`
  ADD PRIMARY KEY (`id`);

--
-- Indices de la tabla `detalles_pedido`
--
ALTER TABLE `detalles_pedido`
  ADD PRIMARY KEY (`id`),
  ADD KEY `id_pedido` (`id_pedido`),
  ADD KEY `id_producto` (`id_producto`);

--
-- Indices de la tabla `impuestos`
--
ALTER TABLE `impuestos`
  ADD PRIMARY KEY (`id`);

--
-- Indices de la tabla `metodos_pago`
--
ALTER TABLE `metodos_pago`
  ADD PRIMARY KEY (`id`);

--
-- Indices de la tabla `opciones_menu`
--
ALTER TABLE `opciones_menu`
  ADD PRIMARY KEY (`id`),
  ADD KEY `id_rol` (`id_rol`);

--
-- Indices de la tabla `pedidos`
--
ALTER TABLE `pedidos`
  ADD PRIMARY KEY (`id`),
  ADD KEY `id_usuario` (`id_usuario`);

--
-- Indices de la tabla `productos`
--
ALTER TABLE `productos`
  ADD PRIMARY KEY (`id`),
  ADD KEY `id_categoria` (`id_categoria`);

--
-- Indices de la tabla `proveedores`
--
ALTER TABLE `proveedores`
  ADD PRIMARY KEY (`id`);

--
-- Indices de la tabla `roles`
--
ALTER TABLE `roles`
  ADD PRIMARY KEY (`id`);

--
-- Indices de la tabla `usuarios`
--
ALTER TABLE `usuarios`
  ADD PRIMARY KEY (`id`),
  ADD KEY `id_rol` (`id_rol`);

--
-- Indices de la tabla `valoraciones`
--
ALTER TABLE `valoraciones`
  ADD PRIMARY KEY (`id`),
  ADD KEY `id_producto` (`id_producto`),
  ADD KEY `id_usuario` (`id_usuario`);

--
-- AUTO_INCREMENT de las tablas volcadas
--

--
-- AUTO_INCREMENT de la tabla `categorias`
--
ALTER TABLE `categorias`
  MODIFY `id` int(11) NOT NULL AUTO_INCREMENT, AUTO_INCREMENT=6;

--
-- AUTO_INCREMENT de la tabla `configuracion`
--
ALTER TABLE `configuracion`
  MODIFY `id` int(11) NOT NULL AUTO_INCREMENT;

--
-- AUTO_INCREMENT de la tabla `descuentos`
--
ALTER TABLE `descuentos`
  MODIFY `id` int(11) NOT NULL AUTO_INCREMENT;

--
-- AUTO_INCREMENT de la tabla `detalles_pedido`
--
ALTER TABLE `detalles_pedido`
  MODIFY `id` int(11) NOT NULL AUTO_INCREMENT, AUTO_INCREMENT=2;

--
-- AUTO_INCREMENT de la tabla `impuestos`
--
ALTER TABLE `impuestos`
  MODIFY `id` int(11) NOT NULL AUTO_INCREMENT;

--
-- AUTO_INCREMENT de la tabla `metodos_pago`
--
ALTER TABLE `metodos_pago`
  MODIFY `id` int(11) NOT NULL AUTO_INCREMENT;

--
-- AUTO_INCREMENT de la tabla `opciones_menu`
--
ALTER TABLE `opciones_menu`
  MODIFY `id` int(11) NOT NULL AUTO_INCREMENT;

--
-- AUTO_INCREMENT de la tabla `pedidos`
--
ALTER TABLE `pedidos`
  MODIFY `id` int(11) NOT NULL AUTO_INCREMENT, AUTO_INCREMENT=4;

--
-- AUTO_INCREMENT de la tabla `productos`
--
ALTER TABLE `productos`
  MODIFY `id` int(11) NOT NULL AUTO_INCREMENT, AUTO_INCREMENT=10;

--
-- AUTO_INCREMENT de la tabla `proveedores`
--
ALTER TABLE `proveedores`
  MODIFY `id` int(11) NOT NULL AUTO_INCREMENT;

--
-- AUTO_INCREMENT de la tabla `roles`
--
ALTER TABLE `roles`
  MODIFY `id` int(11) NOT NULL AUTO_INCREMENT, AUTO_INCREMENT=4;

--
-- AUTO_INCREMENT de la tabla `usuarios`
--
ALTER TABLE `usuarios`
  MODIFY `id` int(11) NOT NULL AUTO_INCREMENT, AUTO_INCREMENT=4;

--
-- AUTO_INCREMENT de la tabla `valoraciones`
--
ALTER TABLE `valoraciones`
  MODIFY `id` int(11) NOT NULL AUTO_INCREMENT;

--
-- Restricciones para tablas volcadas
--

--
-- Filtros para la tabla `detalles_pedido`
--
ALTER TABLE `detalles_pedido`
  ADD CONSTRAINT `detalles_pedido_ibfk_1` FOREIGN KEY (`id_pedido`) REFERENCES `pedidos` (`id`),
  ADD CONSTRAINT `detalles_pedido_ibfk_2` FOREIGN KEY (`id_producto`) REFERENCES `productos` (`id`);

--
-- Filtros para la tabla `opciones_menu`
--
ALTER TABLE `opciones_menu`
  ADD CONSTRAINT `opciones_menu_ibfk_1` FOREIGN KEY (`id_rol`) REFERENCES `roles` (`id`);

--
-- Filtros para la tabla `pedidos`
--
ALTER TABLE `pedidos`
  ADD CONSTRAINT `pedidos_ibfk_1` FOREIGN KEY (`id_usuario`) REFERENCES `usuarios` (`id`);

--
-- Filtros para la tabla `productos`
--
ALTER TABLE `productos`
  ADD CONSTRAINT `productos_ibfk_1` FOREIGN KEY (`id_categoria`) REFERENCES `categorias` (`id`);

--
-- Filtros para la tabla `usuarios`
--
ALTER TABLE `usuarios`
  ADD CONSTRAINT `usuarios_ibfk_1` FOREIGN KEY (`id_rol`) REFERENCES `roles` (`id`);

--
-- Filtros para la tabla `valoraciones`
--
ALTER TABLE `valoraciones`
  ADD CONSTRAINT `valoraciones_ibfk_1` FOREIGN KEY (`id_producto`) REFERENCES `productos` (`id`),
  ADD CONSTRAINT `valoraciones_ibfk_2` FOREIGN KEY (`id_usuario`) REFERENCES `usuarios` (`id`);
COMMIT;

/*!40101 SET CHARACTER_SET_CLIENT=@OLD_CHARACTER_SET_CLIENT */;
/*!40101 SET CHARACTER_SET_RESULTS=@OLD_CHARACTER_SET_RESULTS */;
/*!40101 SET COLLATION_CONNECTION=@OLD_COLLATION_CONNECTION */;
